Label,phylum,class,order,family,genus,species,Abundance,Cluster,isHub
k__Bacteria|p__Firmicutes|c__Clostridia|o__Clostridiales|f__Ruminococcaceae|g__Faecalibacterium|s__Faecalibacterium_prausnitzii,Firmicutes,Clostridia,Eubacteriales,Oscillospiraceae,Faecalibacterium,Faecalibacterium prausnitzii,8.209925849056603,4,0
k__Bacteria|p__Firmicutes|c__Clostridia|o__Clostridiales|f__Lachnospiraceae|g__Dorea|s__Dorea_longicatena,Firmicutes,Clostridia,Eubacteriales,Lachnospiraceae,Dorea,Dorea longicatena,1.9803437735849057,4,0
k__Bacteria|p__Firmicutes|c__Clostridia|o__Clostridiales|f__Lachnospiraceae|g__Fusicatenibacter|s__Fusicatenibacter_saccharivorans,Firmicutes,Clostridia,Eubacteriales,Lachnospiraceae,Fusicatenibacter,Fusicatenibacter saccharivorans,2.9213877358490565,4,0
k__Bacteria|p__Firmicutes|c__Clostridia|o__Clostridiales|f__Lachnospiraceae|g__Blautia|s__Blautia_obeum,Firmicutes,Clostridia,Eubacteriales,Lachnospiraceae,Blautia,Blautia obeum,1.329495283018868,0,0
k__Bacteria|p__Firmicutes|c__Clostridia|o__Clostridiales|f__Lachnospiraceae|g__Coprococcus|s__Coprococcus_comes,Firmicutes,Clostridia,Eubacteriales,Lachnospiraceae,Coprococcus,Coprococcus comes,1.426155283018868,0,0
k__Bacteria|p__Bacteroidetes|c__Bacteroidia|o__Bacteroidales|f__Bacteroidaceae|g__Bacteroides|s__Bacteroides_uniformis,Bacteroidota,Bacteroidia,Bacteroidales,Bacteroidaceae,Bacteroides,Bacteroides uniformis,5.426860377358491,5,0
k__Bacteria|p__Actinobacteria|c__Coriobacteriia|o__Coriobacteriales|f__Coriobacteriaceae|g__Collinsella|s__Collinsella_aerofaciens,Actinobacteria,Coriobacteriia,Coriobacteriales,Coriobacteriaceae,Collinsella,Collinsella aerofaciens,2.8435966037735847,13,0
k__Bacteria|p__Actinobacteria|c__Actinobacteria|o__Bifidobacteriales|f__Bifidobacteriaceae|g__Bifidobacterium|s__Bifidobacterium_adolescentis,Actinobacteria,Actinomycetia,Bifidobacteriales,Bifidobacteriaceae,Bifidobacterium,Bifidobacterium adolescentis,2.3671375471698113,13,0
k__Bacteria|p__Firmicutes|c__Clostridia|o__Clostridiales|f__Lachnospiraceae|g__Blautia|s__Ruminococcus_torques,Firmicutes,Clostridia,Eubacteriales,Lachnospiraceae,Mediterraneibacter,[Ruminococcus] torques,1.1718992452830188,0,0
k__Bacteria|p__Firmicutes|c__Clostridia|o__Clostridiales|f__Lachnospiraceae|g__Lachnospiraceae_unclassified|s__Eubacterium_rectale,Firmicutes,Clostridia,Eubacteriales,Lachnospiraceae,NA,[Eubacterium] rectale,6.083056603773585,0,0
k__Bacteria|p__Firmicutes|c__Clostridia|o__Clostridiales|f__Lachnospiraceae|g__Anaerostipes|s__Anaerostipes_hadrus,Firmicutes,Clostridia,Eubacteriales,Lachnospiraceae,Anaerostipes,Anaerostipes hadrus,3.656962452830189,0,0
k__Bacteria|p__Actinobacteria|c__Coriobacteriia|o__Eggerthellales|f__Eggerthellaceae|g__Slackia|s__Slackia_isoflavoniconvertens,Actinobacteria,Coriobacteriia,Eggerthellales,Eggerthellaceae,Slackia,Slackia isoflavoniconvertens,0.17507396226415095,7,0
k__Bacteria|p__Firmicutes|c__Firmicutes_unclassified|o__Firmicutes_unclassified|f__Firmicutes_unclassified|g__Firmicutes_unclassified|s__Firmicutes_bacterium_CAG_83,Firmicutes,NA,NA,NA,NA,Firmicutes bacterium CAG:83,0.5805135849056604,0,0
k__Bacteria|p__Firmicutes|c__Clostridia|o__Clostridiales|f__Ruminococcaceae|g__Ruminococcus|s__Ruminococcus_bicirculans,Firmicutes,Clostridia,Eubacteriales,Oscillospiraceae,Ruminococcus,Ruminococcus bicirculans,2.067878679245283,0,0
k__Bacteria|p__Firmicutes|c__Clostridia|o__Clostridiales|f__Eubacteriaceae|g__Eubacterium|s__Eubacterium_hallii,Firmicutes,Clostridia,Eubacteriales,Lachnospiraceae,Anaerobutyricum,Anaerobutyricum hallii,2.479460754716981,0,0
k__Bacteria|p__Firmicutes|c__Clostridia|o__Clostridiales|f__Peptostreptococcaceae|g__Intestinibacter|s__Intestinibacter_bartlettii,Firmicutes,Clostridia,Eubacteriales,Peptostreptococcaceae,Intestinibacter,Intestinibacter bartlettii,0.26020698113207547,12,0
k__Bacteria|p__Bacteroidetes|c__Bacteroidia|o__Bacteroidales|f__Rikenellaceae|g__Alistipes|s__Alistipes_putredinis,Bacteroidota,Bacteroidia,Bacteroidales,Rikenellaceae,Alistipes,Alistipes putredinis,1.4860918867924529,0,0
k__Bacteria|p__Firmicutes|c__Negativicutes|o__Acidaminococcales|f__Acidaminococcaceae|g__Phascolarctobacterium|s__Phascolarctobacterium_faecium,Firmicutes,Negativicutes,Acidaminococcales,Acidaminococcaceae,Phascolarctobacterium,Phascolarctobacterium faecium,0.06354377358490566,17,0
k__Bacteria|p__Bacteroidetes|c__Bacteroidia|o__Bacteroidales|f__Tannerellaceae|g__Parabacteroides|s__Parabacteroides_merdae,Bacteroidota,Bacteroidia,Bacteroidales,Tannerellaceae,Parabacteroides,Parabacteroides merdae,0.3567628301886792,0,0
k__Bacteria|p__Firmicutes|c__Clostridia|o__Clostridiales|f__Lachnospiraceae|g__Roseburia|s__Roseburia_faecis,Firmicutes,Clostridia,Eubacteriales,Lachnospiraceae,Roseburia,Roseburia faecis,3.1935637735849056,0,0
k__Bacteria|p__Bacteroidetes|c__Bacteroidia|o__Bacteroidales|f__Barnesiellaceae|g__Barnesiella|s__Barnesiella_intestinihominis,Bacteroidota,Bacteroidia,Bacteroidales,Barnesiellaceae,Barnesiella,Barnesiella intestinihominis,0.5279183018867925,0,0
k__Bacteria|p__Firmicutes|c__Clostridia|o__Clostridiales|f__Ruminococcaceae|g__Ruminococcus|s__Ruminococcus_lactaris,Firmicutes,Clostridia,Eubacteriales,Lachnospiraceae,Mediterraneibacter,[Ruminococcus] lactaris,0.46324245283018867,7,0
k__Bacteria|p__Bacteroidetes|c__Bacteroidia|o__Bacteroidales|f__Bacteroidaceae|g__Bacteroides|s__Bacteroides_vulgatus,Bacteroidota,Bacteroidia,Bacteroidales,Bacteroidaceae,Phocaeicola,Phocaeicola vulgatus,2.042551886792453,0,0
k__Bacteria|p__Firmicutes|c__Clostridia|o__Clostridiales|f__Lachnospiraceae|g__Dorea|s__Dorea_formicigenerans,Firmicutes,Clostridia,Eubacteriales,Lachnospiraceae,Dorea,Dorea formicigenerans,0.7537530188679246,0,0
k__Bacteria|p__Actinobacteria|c__Actinobacteria|o__Bifidobacteriales|f__Bifidobacteriaceae|g__Bifidobacterium|s__Bifidobacterium_longum,Actinobacteria,Actinomycetia,Bifidobacteriales,Bifidobacteriaceae,Bifidobacterium,Bifidobacterium longum,1.2741688679245282,0,0
k__Bacteria|p__Bacteroidetes|c__Bacteroidia|o__Bacteroidales|f__Bacteroidaceae|g__Bacteroides|s__Bacteroides_stercoris,Bacteroidota,Bacteroidia,Bacteroidales,Bacteroidaceae,Bacteroides,Bacteroides stercoris,0.23606301886792452,0,0
k__Bacteria|p__Firmicutes|c__Clostridia|o__Clostridiales|f__Lachnospiraceae|g__Coprococcus|s__Coprococcus_catus,Firmicutes,Clostridia,Eubacteriales,Lachnospiraceae,Coprococcus,Coprococcus catus,0.5286592452830189,0,0
k__Bacteria|p__Actinobacteria|c__Actinobacteria|o__Bifidobacteriales|f__Bifidobacteriaceae|g__Bifidobacterium|s__Bifidobacterium_pseudocatenulatum,Actinobacteria,Actinomycetia,Bifidobacteriales,Bifidobacteriaceae,Bifidobacterium,Bifidobacterium pseudocatenulatum,0.349931320754717,7,0
k__Bacteria|p__Firmicutes|c__Clostridia|o__Clostridiales|f__Ruminococcaceae|g__Gemmiger|s__Gemmiger_formicilis,Firmicutes,Clostridia,Eubacteriales,NA,Gemmiger,Gemmiger formicilis,0.4947154716981132,7,0
k__Bacteria|p__Firmicutes|c__Clostridia|o__Clostridiales|f__Eubacteriaceae|g__Eubacterium|s__Eubacterium_eligens,Firmicutes,Clostridia,Eubacteriales,Lachnospiraceae,Lachnospira,Lachnospira eligens,1.5939492452830188,3,0
k__Bacteria|p__Bacteroidetes|c__Bacteroidia|o__Bacteroidales|f__Rikenellaceae|g__Alistipes|s__Alistipes_inops,Bacteroidota,Bacteroidia,Bacteroidales,Rikenellaceae,Alistipes,Alistipes inops,0.1690835849056604,1,0
k__Bacteria|p__Actinobacteria|c__Coriobacteriia|o__Eggerthellales|f__Eggerthellaceae|g__Gordonibacter|s__Gordonibacter_pamelaeae,Actinobacteria,Coriobacteriia,Eggerthellales,Eggerthellaceae,Gordonibacter,Gordonibacter pamelaeae,0.10053603773584906,2,0
k__Bacteria|p__Firmicutes|c__Clostridia|o__Clostridiales|f__Ruminococcaceae|g__Ruthenibacterium|s__Ruthenibacterium_lactatiformans,Firmicutes,Clostridia,Eubacteriales,Oscillospiraceae,Ruthenibacterium,Ruthenibacterium lactatiformans,0.22671981132075472,18,0
k__Bacteria|p__Bacteroidetes|c__Bacteroidia|o__Bacteroidales|f__Bacteroidaceae|g__Bacteroides|s__Bacteroides_dorei,Bacteroidota,Bacteroidia,Bacteroidales,Bacteroidaceae,Phocaeicola,Phocaeicola dorei,1.180599433962264,6,0
k__Bacteria|p__Firmicutes|c__Clostridia|o__Clostridiales|f__Lachnospiraceae|g__Blautia|s__Blautia_wexlerae,Firmicutes,Clostridia,Eubacteriales,Lachnospiraceae,Blautia,Blautia wexlerae,1.030696603773585,2,0
k__Bacteria|p__Firmicutes|c__Clostridia|o__Clostridiales|f__Ruminococcaceae|g__Agathobaculum|s__Agathobaculum_butyriciproducens,Firmicutes,Clostridia,Eubacteriales,Oscillospiraceae,Agathobaculum,Agathobaculum butyriciproducens,0.479,0,0
k__Bacteria|p__Firmicutes|c__Clostridia|o__Clostridiales|f__Lachnospiraceae|g__Sellimonas|s__Sellimonas_intestinalis,Firmicutes,Clostridia,Eubacteriales,Lachnospiraceae,Sellimonas,Sellimonas intestinalis,0.011144528301886792,4,1
k__Bacteria|p__Firmicutes|c__Clostridia|o__Clostridiales|f__Lachnospiraceae|g__Lachnospira|s__Lachnospira_pectinoschiza,Firmicutes,Clostridia,Eubacteriales,Lachnospiraceae,Lachnospira,Lachnospira pectinoschiza,0.3268924528301887,0,0
k__Bacteria|p__Firmicutes|c__Bacilli|o__Lactobacillales|f__Streptococcaceae|g__Streptococcus|s__Streptococcus_thermophilus,Firmicutes,Bacilli,Lactobacillales,Streptococcaceae,Streptococcus,Streptococcus thermophilus,0.43528075471698113,0,0
k__Bacteria|p__Firmicutes|c__Clostridia|o__Clostridiales|f__Oscillospiraceae|g__Oscillibacter|s__Oscillibacter_sp_57_20,Firmicutes,Clostridia,Eubacteriales,Oscillospiraceae,Oscillibacter,Oscillibacter sp. 57_20,0.4177398113207547,1,0
k__Bacteria|p__Firmicutes|c__Clostridia|o__Clostridiales|f__Lachnospiraceae|g__Roseburia|s__Roseburia_intestinalis,Firmicutes,Clostridia,Eubacteriales,Lachnospiraceae,Roseburia,Roseburia intestinalis,0.9917249056603774,8,0
k__Bacteria|p__Firmicutes|c__Negativicutes|o__Veillonellales|f__Veillonellaceae|g__Dialister|s__Dialister_invisus,Firmicutes,Negativicutes,Veillonellales,Veillonellaceae,Dialister,Dialister invisus,0.3855230188679245,0,0
k__Bacteria|p__Firmicutes|c__Firmicutes_unclassified|o__Firmicutes_unclassified|f__Firmicutes_unclassified|g__Firmicutes_unclassified|s__Firmicutes_bacterium_CAG_145,Firmicutes,NA,NA,NA,NA,Firmicutes bacterium CAG:145,0.07065867924528302,18,0
k__Bacteria|p__Firmicutes|c__Bacilli|o__Lactobacillales|f__Streptococcaceae|g__Streptococcus|s__Streptococcus_salivarius,Firmicutes,Bacilli,Lactobacillales,Streptococcaceae,Streptococcus,Streptococcus salivarius,1.0011790566037737,4,0
k__Bacteria|p__Firmicutes|c__Clostridia|o__Clostridiales|f__Clostridiaceae|g__Clostridium|s__Clostridium_disporicum,Firmicutes,Clostridia,Eubacteriales,Clostridiaceae,Clostridium,Clostridium disporicum,0.05675188679245283,12,0
k__Bacteria|p__Firmicutes|c__Clostridia|o__Clostridiales|f__Clostridiaceae|g__Clostridium|s__Clostridium_sp_CAG_58,Firmicutes,Clostridia,Eubacteriales,Clostridiaceae,Clostridium,Clostridium sp. CAG:58,0.08860377358490566,0,0
k__Bacteria|p__Bacteroidetes|c__Bacteroidia|o__Bacteroidales|f__Prevotellaceae|g__Paraprevotella|s__Paraprevotella_xylaniphila,Bacteroidota,Bacteroidia,Bacteroidales,Prevotellaceae,Paraprevotella,Paraprevotella xylaniphila,0.20583339622641508,8,0
k__Bacteria|p__Bacteroidetes|c__Bacteroidia|o__Bacteroidales|f__Rikenellaceae|g__Alistipes|s__Alistipes_finegoldii,Bacteroidota,Bacteroidia,Bacteroidales,Rikenellaceae,Alistipes,Alistipes finegoldii,0.25317,15,0
k__Bacteria|p__Actinobacteria|c__Coriobacteriia|o__Eggerthellales|f__Eggerthellaceae|g__Adlercreutzia|s__Adlercreutzia_equolifaciens,Actinobacteria,Coriobacteriia,Eggerthellales,Eggerthellaceae,Adlercreutzia,Adlercreutzia equolifaciens,0.08492679245283019,23,0
k__Bacteria|p__Firmicutes|c__Clostridia|o__Clostridiales|f__Eubacteriaceae|g__Eubacterium|s__Eubacterium_sp_CAG_38,Firmicutes,Clostridia,Eubacteriales,Eubacteriaceae,Eubacterium,Eubacterium sp. CAG:38,0.08926490566037736,0,0
k__Bacteria|p__Bacteroidetes|c__Bacteroidia|o__Bacteroidales|f__Tannerellaceae|g__Parabacteroides|s__Parabacteroides_distasonis,Bacteroidota,Bacteroidia,Bacteroidales,Tannerellaceae,Parabacteroides,Parabacteroides distasonis,0.48772132075471697,1,0
k__Bacteria|p__Bacteroidetes|c__Bacteroidia|o__Bacteroidales|f__Bacteroidaceae|g__Bacteroides|s__Bacteroides_thetaiotaomicron,Bacteroidota,Bacteroidia,Bacteroidales,Bacteroidaceae,Bacteroides,Bacteroides thetaiotaomicron,0.6809752830188679,14,0
k__Bacteria|p__Firmicutes|c__Clostridia|o__Clostridiales|f__Ruminococcaceae|g__Anaerotruncus|s__Anaerotruncus_colihominis,Firmicutes,Clostridia,Eubacteriales,Oscillospiraceae,Anaerotruncus,Anaerotruncus colihominis,0.004437169811320755,16,0
k__Bacteria|p__Firmicutes|c__Clostridia|o__Clostridiales|f__Ruminococcaceae|g__Anaeromassilibacillus|s__Anaeromassilibacillus_sp_An250,Firmicutes,Clostridia,Eubacteriales,Oscillospiraceae,Anaeromassilibacillus,Anaeromassilibacillus sp. An250,0.03664679245283019,21,0
k__Bacteria|p__Firmicutes|c__Negativicutes|o__Veillonellales|f__Veillonellaceae|g__Veillonella|s__Veillonella_parvula,Firmicutes,Negativicutes,Veillonellales,Veillonellaceae,Veillonella,Veillonella parvula,0.043195471698113205,3,0
k__Bacteria|p__Firmicutes|c__Clostridia|o__Clostridiales|f__Ruminococcaceae|g__Ruminococcaceae_unclassified|s__Clostridium_leptum,Firmicutes,Clostridia,Eubacteriales,Oscillospiraceae,NA,[Clostridium] leptum,0.08299584905660377,7,0
k__Bacteria|p__Firmicutes|c__Firmicutes_unclassified|o__Firmicutes_unclassified|f__Firmicutes_unclassified|g__Firmicutes_unclassified|s__Firmicutes_bacterium_CAG_94,Firmicutes,NA,NA,NA,NA,Firmicutes bacterium CAG:94,0.1476256603773585,21,0
k__Bacteria|p__Actinobacteria|c__Coriobacteriia|o__Eggerthellales|f__Eggerthellaceae|g__Asaccharobacter|s__Asaccharobacter_celatus,Actinobacteria,Coriobacteriia,Eggerthellales,Eggerthellaceae,Adlercreutzia,Adlercreutzia equolifaciens,0.17381358490566037,23,0
k__Bacteria|p__Firmicutes|c__Clostridia|o__Clostridiales|f__Peptostreptococcaceae|g__Romboutsia|s__Romboutsia_ilealis,Firmicutes,Clostridia,Eubacteriales,Peptostreptococcaceae,Romboutsia,Romboutsia ilealis,0.0038735849056603777,16,0
k__Bacteria|p__Bacteroidetes|c__Bacteroidia|o__Bacteroidales|f__Bacteroidaceae|g__Bacteroides|s__Bacteroides_galacturonicus,Bacteroidota,Bacteroidia,Bacteroidales,Bacteroidaceae,Bacteroides,Bacteroides galacturonicus,0.014421886792452829,2,0
k__Bacteria|p__Firmicutes|c__Bacilli|o__Lactobacillales|f__Streptococcaceae|g__Streptococcus|s__Streptococcus_sanguinis,Firmicutes,Bacilli,Lactobacillales,Streptococcaceae,Streptococcus,Streptococcus sanguinis,0.0035360377358490567,16,0
k__Bacteria|p__Firmicutes|c__Bacilli|o__Lactobacillales|f__Streptococcaceae|g__Streptococcus|s__Streptococcus_gordonii,Firmicutes,Bacilli,Lactobacillales,Streptococcaceae,Streptococcus,Streptococcus gordonii,0.007016415094339623,4,0
k__Bacteria|p__Firmicutes|c__Clostridia|o__Clostridiales|f__Ruminococcaceae|g__Flavonifractor|s__Flavonifractor_plautii,Firmicutes,Clostridia,Eubacteriales,Oscillospiraceae,Flavonifractor,Flavonifractor plautii,0.13434867924528301,6,0
k__Bacteria|p__Actinobacteria|c__Actinobacteria|o__Propionibacteriales|f__Propionibacteriaceae|g__Propionibacterium|s__Propionibacterium_freudenreichii,Actinobacteria,Actinomycetia,Propionibacteriales,Propionibacteriaceae,Propionibacterium,Propionibacterium freudenreichii,0.044887547169811325,22,0
k__Bacteria|p__Firmicutes|c__Bacilli|o__Lactobacillales|f__Streptococcaceae|g__Streptococcus|s__Streptococcus_parasanguinis,Firmicutes,Bacilli,Lactobacillales,Streptococcaceae,Streptococcus,Streptococcus parasanguinis,0.23067622641509433,4,0
k__Bacteria|p__Firmicutes|c__Erysipelotrichia|o__Erysipelotrichales|f__Erysipelotrichaceae|g__Erysipelatoclostridium|s__Clostridium_spiroforme,Firmicutes,Erysipelotrichia,Erysipelotrichales,Erysipelotrichaceae,Erysipelatoclostridium,[Clostridium] spiroforme,0.06089339622641509,18,0
k__Bacteria|p__Firmicutes|c__Clostridia|o__Clostridiales|f__Ruminococcaceae|g__Ruminococcaceae_unclassified|s__Ruminococcaceae_bacterium_D16,Firmicutes,Clostridia,Eubacteriales,Oscillospiraceae,NA,Ruminococcaceae bacterium D16,0.004017358490566038,2,0
k__Bacteria|p__Actinobacteria|c__Coriobacteriia|o__Coriobacteriales|f__Coriobacteriaceae|g__Enorma|s__Collinsella_massiliensis,NA,NA,NA,NA,NA,NA,0.022672830188679244,3,0
k__Bacteria|p__Firmicutes|c__Clostridia|o__Clostridiales|f__Lachnospiraceae|g__Roseburia|s__Roseburia_sp_CAG_471,Firmicutes,Clostridia,Eubacteriales,Lachnospiraceae,Roseburia,Roseburia sp. CAG:471,0.09106132075471698,12,0
k__Bacteria|p__Proteobacteria|c__Proteobacteria_unclassified|o__Proteobacteria_unclassified|f__Proteobacteria_unclassified|g__Proteobacteria_unclassified|s__Proteobacteria_bacterium_CAG_139,Proteobacteria,NA,NA,NA,NA,Proteobacteria bacterium CAG:139,0.0027473584905660375,16,0
k__Bacteria|p__Firmicutes|c__Bacilli|o__Lactobacillales|f__Streptococcaceae|g__Streptococcus|s__Streptococcus_mitis,Firmicutes,Bacilli,Lactobacillales,Streptococcaceae,Streptococcus,Streptococcus mitis,0.0034628301886792455,4,0
k__Bacteria|p__Actinobacteria|c__Coriobacteriia|o__Eggerthellales|f__Eggerthellaceae|g__Eggerthella|s__Eggerthella_lenta,Actinobacteria,Coriobacteriia,Eggerthellales,Eggerthellaceae,Eggerthella,Eggerthella lenta,0.11045716981132075,2,0
k__Bacteria|p__Bacteroidetes|c__Bacteroidia|o__Bacteroidales|f__Rikenellaceae|g__Alistipes|s__Alistipes_shahii,Bacteroidota,Bacteroidia,Bacteroidales,Rikenellaceae,Alistipes,Alistipes shahii,0.08489018867924528,1,0
k__Bacteria|p__Actinobacteria|c__Coriobacteriia|o__Eggerthellales|f__Eggerthellaceae|g__Enterorhabdus|s__Enterorhabdus_caecimuris,Actinobacteria,Coriobacteriia,Eggerthellales,Eggerthellaceae,Adlercreutzia,Adlercreutzia caecimuris,0.007901320754716981,16,1
k__Bacteria|p__Firmicutes|c__Clostridia|o__Clostridiales|f__Clostridiales_unclassified|g__Lawsonibacter|s__Lawsonibacter_asaccharolyticus,Firmicutes,Clostridia,Eubacteriales,Oscillospiraceae,Lawsonibacter,Lawsonibacter asaccharolyticus,0.06994924528301887,5,0
k__Bacteria|p__Firmicutes|c__Clostridia|o__Clostridiales|f__Lachnospiraceae|g__Roseburia|s__Roseburia_inulinivorans,Firmicutes,Clostridia,Eubacteriales,Lachnospiraceae,Roseburia,Roseburia inulinivorans,0.9105341509433962,0,0
k__Bacteria|p__Firmicutes|c__Bacilli|o__Lactobacillales|f__Streptococcaceae|g__Streptococcus|s__Streptococcus_vestibularis,Firmicutes,Bacilli,Lactobacillales,Streptococcaceae,Streptococcus,Streptococcus vestibularis,0.19407415094339622,4,0
k__Bacteria|p__Firmicutes|c__Clostridia|o__Clostridiales|f__Clostridiales_unclassified|g__Monoglobus|s__Monoglobus_pectinilyticus,Firmicutes,Clostridia,Eubacteriales,Oscillospiraceae,Monoglobus,Monoglobus pectinilyticus,0.08692698113207548,0,0
k__Bacteria|p__Actinobacteria|c__Coriobacteriia|o__Coriobacteriales|f__Coriobacteriaceae|g__Collinsella|s__Collinsella_intestinalis,Actinobacteria,Coriobacteriia,Coriobacteriales,Coriobacteriaceae,Collinsella,Collinsella intestinalis,0.040051320754716985,6,0
k__Bacteria|p__Firmicutes|c__Erysipelotrichia|o__Erysipelotrichales|f__Erysipelotrichaceae|g__Erysipelatoclostridium|s__Clostridium_innocuum,Firmicutes,Erysipelotrichia,Erysipelotrichales,Erysipelotrichaceae,Erysipelatoclostridium,[Clostridium] innocuum,0.03574754716981132,5,0
k__Bacteria|p__Actinobacteria|c__Coriobacteriia|o__Coriobacteriales|f__Coriobacteriaceae|g__Enorma|s__Enorma_massiliensis,Actinobacteria,Coriobacteriia,Coriobacteriales,Coriobacteriaceae,Enorma,Enorma massiliensis,0.007836981132075472,3,1
k__Bacteria|p__Firmicutes|c__Clostridia|o__Clostridiales|f__Ruminococcaceae|g__Ruminococcus|s__Ruminococcus_bromii,Firmicutes,Clostridia,Eubacteriales,Oscillospiraceae,Ruminococcus,Ruminococcus bromii,6.406132452830189,0,0
k__Bacteria|p__Verrucomicrobia|c__Verrucomicrobiae|o__Verrucomicrobiales|f__Akkermansiaceae|g__Akkermansia|s__Akkermansia_muciniphila,Verrucomicrobia,Verrucomicrobiae,Verrucomicrobiales,Akkermansiaceae,Akkermansia,Akkermansia muciniphila,2.2495537735849056,0,0
k__Bacteria|p__Bacteroidetes|c__Bacteroidia|o__Bacteroidales|f__Bacteroidaceae|g__Bacteroides|s__Bacteroides_plebeius,Bacteroidota,Bacteroidia,Bacteroidales,Bacteroidaceae,Phocaeicola,Phocaeicola plebeius,0.3071803773584906,1,0
k__Bacteria|p__Bacteroidetes|c__Bacteroidia|o__Bacteroidales|f__Bacteroidaceae|g__Bacteroides|s__Bacteroides_caccae,Bacteroidota,Bacteroidia,Bacteroidales,Bacteroidaceae,Bacteroides,Bacteroides caccae,0.46185018867924527,1,0
k__Bacteria|p__Firmicutes|c__Clostridia|o__Clostridiales|f__Lachnospiraceae|g__Coprococcus|s__Coprococcus_eutactus,Firmicutes,Clostridia,Eubacteriales,Lachnospiraceae,Coprococcus,Coprococcus eutactus,2.1399450943396228,0,0
k__Bacteria|p__Bacteroidetes|c__Bacteroidia|o__Bacteroidales|f__Bacteroidaceae|g__Bacteroides|s__Bacteroides_fragilis,Bacteroidota,Bacteroidia,Bacteroidales,Bacteroidaceae,Bacteroides,Bacteroides fragilis,0.35906471698113207,2,0
k__Bacteria|p__Proteobacteria|c__Gammaproteobacteria|o__Enterobacterales|f__Enterobacteriaceae|g__Escherichia|s__Escherichia_coli,Proteobacteria,Gammaproteobacteria,Enterobacterales,Enterobacteriaceae,Escherichia,Escherichia coli,0.63064,1,0
k__Bacteria|p__Firmicutes|c__Clostridia|o__Clostridiales|f__Lachnospiraceae|g__Roseburia|s__Roseburia_hominis,Firmicutes,Clostridia,Eubacteriales,Lachnospiraceae,Roseburia,Roseburia hominis,0.6173562264150944,0,0
k__Bacteria|p__Bacteroidetes|c__Bacteroidia|o__Bacteroidales|f__Bacteroidaceae|g__Bacteroides|s__Bacteroides_coprocola,Bacteroidota,Bacteroidia,Bacteroidales,Bacteroidaceae,Phocaeicola,Phocaeicola coprocola,0.08705830188679245,8,0
k__Bacteria|p__Firmicutes|c__Firmicutes_unclassified|o__Firmicutes_unclassified|f__Firmicutes_unclassified|g__Firmicutes_unclassified|s__Firmicutes_bacterium_CAG_110,Firmicutes,NA,NA,NA,NA,Firmicutes bacterium CAG:110,0.2780852830188679,1,0
k__Bacteria|p__Proteobacteria|c__Betaproteobacteria|o__Burkholderiales|f__Sutterellaceae|g__Parasutterella|s__Parasutterella_excrementihominis,Proteobacteria,Betaproteobacteria,Burkholderiales,Sutterellaceae,Parasutterella,Parasutterella excrementihominis,0.042146415094339626,1,0
k__Bacteria|p__Firmicutes|c__Clostridia|o__Clostridiales|f__Eubacteriaceae|g__Eubacterium|s__Eubacterium_ventriosum,Firmicutes,Clostridia,Eubacteriales,Eubacteriaceae,Eubacterium,Eubacterium ventriosum,0.20600377358490565,0,0
k__Bacteria|p__Firmicutes|c__Clostridia|o__Clostridiales|f__Oscillospiraceae|g__Oscillibacter|s__Oscillibacter_sp_CAG_241,Firmicutes,Clostridia,Eubacteriales,Oscillospiraceae,Oscillibacter,Oscillibacter sp. CAG:241,0.5173958490566037,2,0
k__Bacteria|p__Bacteroidetes|c__Bacteroidia|o__Bacteroidales|f__Odoribacteraceae|g__Odoribacter|s__Odoribacter_splanchnicus,Bacteroidota,Bacteroidia,Bacteroidales,Odoribacteraceae,Odoribacter,Odoribacter splanchnicus,0.13381962264150943,1,0
k__Bacteria|p__Bacteroidetes|c__Bacteroidia|o__Bacteroidales|f__Bacteroidaceae|g__Bacteroides|s__Bacteroides_ovatus,Bacteroidota,Bacteroidia,Bacteroidales,Bacteroidaceae,Bacteroides,Bacteroides ovatus,0.333841320754717,0,0
k__Bacteria|p__Firmicutes|c__Clostridia|o__Clostridiales|f__Eubacteriaceae|g__Eubacterium|s__Eubacterium_ramulus,Firmicutes,Clostridia,Eubacteriales,Eubacteriaceae,Eubacterium,Eubacterium ramulus,0.30913,0,0
k__Bacteria|p__Bacteroidetes|c__Bacteroidia|o__Bacteroidales|f__Bacteroidaceae|g__Bacteroides|s__Bacteroides_cellulosilyticus,Bacteroidota,Bacteroidia,Bacteroidales,Bacteroidaceae,Bacteroides,Bacteroides cellulosilyticus,0.27602924528301886,15,0
k__Bacteria|p__Firmicutes|c__Firmicutes_unclassified|o__Firmicutes_unclassified|f__Firmicutes_unclassified|g__Firmicutes_unclassified|s__Firmicutes_bacterium_CAG_170,Firmicutes,NA,NA,NA,NA,Firmicutes bacterium CAG:170,0.06111943396226415,11,0
k__Bacteria|p__Bacteroidetes|c__Bacteroidia|o__Bacteroidales|f__Odoribacteraceae|g__Butyricimonas|s__Butyricimonas_virosa,Bacteroidota,Bacteroidia,Bacteroidales,Odoribacteraceae,Butyricimonas,Butyricimonas virosa,0.040952075471698116,1,0
k__Bacteria|p__Firmicutes|c__Erysipelotrichia|o__Erysipelotrichales|f__Erysipelotrichaceae|g__Holdemanella|s__Holdemanella_biformis,Firmicutes,Erysipelotrichia,Erysipelotrichales,Erysipelotrichaceae,Holdemanella,Holdemanella biformis,0.37832377358490565,0,0
k__Bacteria|p__Firmicutes|c__Firmicutes_unclassified|o__Firmicutes_unclassified|f__Firmicutes_unclassified|g__Firmicutes_unclassified|s__Firmicutes_bacterium_CAG_95,Firmicutes,NA,NA,NA,NA,Firmicutes bacterium CAG:95,0.10443471698113208,12,0
k__Bacteria|p__Firmicutes|c__Clostridia|o__Clostridiales|f__Lachnospiraceae|g__Roseburia|s__Roseburia_sp_CAG_182,Firmicutes,Clostridia,Eubacteriales,Lachnospiraceae,Roseburia,Roseburia sp. CAG:182,0.05504056603773585,12,0
k__Bacteria|p__Proteobacteria|c__Deltaproteobacteria|o__Desulfovibrionales|f__Desulfovibrionaceae|g__Bilophila|s__Bilophila_wadsworthia,Proteobacteria,Deltaproteobacteria,Desulfovibrionales,Desulfovibrionaceae,Bilophila,Bilophila wadsworthia,0.050656037735849056,14,0
k__Bacteria|p__Firmicutes|c__Clostridia|o__Clostridiales|f__Ruminococcaceae|g__Ruminococcaceae_unclassified|s__Eubacterium_siraeum,Firmicutes,Clostridia,Eubacteriales,Oscillospiraceae,NA,[Eubacterium] siraeum,0.7338284905660377,0,0
k__Bacteria|p__Firmicutes|c__Bacilli|o__Lactobacillales|f__Lactobacillaceae|g__Lactobacillus|s__Lactobacillus_rogosae,Firmicutes,Bacilli,Lactobacillales,Lactobacillaceae,Lactobacillus,Lactobacillus rogosae,0.01860981132075472,2,0
k__Bacteria|p__Bacteroidetes|c__Bacteroidia|o__Bacteroidales|f__Rikenellaceae|g__Alistipes|s__Alistipes_indistinctus,Bacteroidota,Bacteroidia,Bacteroidales,Rikenellaceae,Alistipes,Alistipes indistinctus,0.026682264150943397,2,0
k__Bacteria|p__Firmicutes|c__Clostridia|o__Clostridiales|f__Clostridiaceae|g__Clostridium|s__Clostridium_sp_CAG_167,Firmicutes,Clostridia,Eubacteriales,Clostridiaceae,Clostridium,Clostridium sp. CAG:167,0.09560566037735849,1,0
k__Bacteria|p__Firmicutes|c__Clostridia|o__Clostridiales|f__Clostridiales_unclassified|g__Intestinimonas|s__Intestinimonas_butyriciproducens,Firmicutes,Clostridia,Eubacteriales,NA,Intestinimonas,Intestinimonas butyriciproducens,0.019504716981132077,2,1
k__Bacteria|p__Firmicutes|c__Bacilli|o__Lactobacillales|f__Leuconostocaceae|g__Leuconostoc|s__Leuconostoc_mesenteroides,Firmicutes,Bacilli,Lactobacillales,Lactobacillaceae,Leuconostoc,Leuconostoc mesenteroides,0.008416037735849057,16,0
k__Bacteria|p__Bacteroidetes|c__Bacteroidia|o__Bacteroidales|f__Bacteroidaceae|g__Bacteroides|s__Bacteroides_eggerthii,Bacteroidota,Bacteroidia,Bacteroidales,Bacteroidaceae,Bacteroides,Bacteroides eggerthii,0.3277522641509434,19,0
k__Bacteria|p__Firmicutes|c__Bacilli|o__Lactobacillales|f__Lactobacillaceae|g__Lactobacillus|s__Lactobacillus_ruminis,Firmicutes,Bacilli,Lactobacillales,Lactobacillaceae,Ligilactobacillus,Ligilactobacillus ruminis,0.16363981132075472,0,0
k__Bacteria|p__Firmicutes|c__Clostridia|o__Clostridiales|f__Lachnospiraceae|g__Butyrivibrio|s__Butyrivibrio_crossotus,Firmicutes,Clostridia,Eubacteriales,Lachnospiraceae,Butyrivibrio,Butyrivibrio crossotus,0.9040483018867925,1,0
k__Bacteria|p__Firmicutes|c__Clostridia|o__Clostridiales|f__Eubacteriaceae|g__Eubacterium|s__Eubacterium_sp_CAG_251,Firmicutes,Clostridia,Eubacteriales,Eubacteriaceae,Eubacterium,Eubacterium sp. CAG:251,0.39039528301886794,0,0
k__Bacteria|p__Firmicutes|c__Erysipelotrichia|o__Erysipelotrichales|f__Erysipelotrichaceae|g__Catenibacterium|s__Catenibacterium_mitsuokai,Firmicutes,Erysipelotrichia,Erysipelotrichales,Coprobacillaceae,Catenibacterium,Catenibacterium mitsuokai,0.12163849056603773,0,0
k__Bacteria|p__Firmicutes|c__Clostridia|o__Clostridiales|f__Ruminococcaceae|g__Ruminococcus|s__Ruminococcus_callidus,Firmicutes,Clostridia,Eubacteriales,Oscillospiraceae,Ruminococcus,Ruminococcus callidus,0.028831132075471697,17,0
k__Bacteria|p__Bacteroidetes|c__Bacteroidia|o__Bacteroidales|f__Bacteroidaceae|g__Bacteroides|s__Bacteroides_faecis,Bacteroidota,Bacteroidia,Bacteroidales,Bacteroidaceae,Bacteroides,Bacteroides faecis,0.028661509433962264,19,0
k__Bacteria|p__Proteobacteria|c__Deltaproteobacteria|o__Desulfovibrionales|f__Desulfovibrionaceae|g__Desulfovibrio|s__Desulfovibrio_piger,Proteobacteria,Deltaproteobacteria,Desulfovibrionales,Desulfovibrionaceae,Desulfovibrio,Desulfovibrio piger,0.12440264150943396,0,0
k__Bacteria|p__Firmicutes|c__Clostridia|o__Clostridiales|f__Lachnospiraceae|g__Roseburia|s__Roseburia_sp_CAG_309,Firmicutes,Clostridia,Eubacteriales,Lachnospiraceae,Roseburia,Roseburia sp. CAG:309,0.06636301886792453,7,0
k__Bacteria|p__Firmicutes|c__Bacilli|o__Lactobacillales|f__Lactobacillaceae|g__Lactobacillus|s__Lactobacillus_delbrueckii,Firmicutes,Bacilli,Lactobacillales,Lactobacillaceae,Lactobacillus,Lactobacillus delbrueckii,0.007316415094339623,16,0
k__Bacteria|p__Firmicutes|c__Clostridia|o__Clostridiales|f__Eubacteriaceae|g__Eubacterium|s__Eubacterium_sp_CAG_274,Firmicutes,Clostridia,Eubacteriales,Eubacteriaceae,Eubacterium,Eubacterium sp. CAG:274,0.07053018867924528,17,0
k__Bacteria|p__Firmicutes|c__Bacilli|o__Lactobacillales|f__Streptococcaceae|g__Streptococcus|s__Streptococcus_oralis,Firmicutes,Bacilli,Lactobacillales,Streptococcaceae,Streptococcus,Streptococcus oralis,0.007747547169811321,4,0
k__Bacteria|p__Firmicutes|c__Clostridia|o__Clostridiales|f__Clostridiaceae|g__Clostridium|s__Clostridium_sp_CAG_299,Firmicutes,Clostridia,Eubacteriales,Clostridiaceae,Clostridium,Clostridium sp. CAG:299,0.006329811320754717,4,0
k__Bacteria|p__Firmicutes|c__Clostridia|o__Clostridiales|f__Lachnospiraceae|g__Lachnoclostridium|s__Clostridium_saccharolyticum,Firmicutes,Clostridia,Eubacteriales,Lachnospiraceae,Lacrimispora,Lacrimispora saccharolytica,0.01355566037735849,16,0
k__Archaea|p__Euryarchaeota|c__Methanobacteria|o__Methanobacteriales|f__Methanobacteriaceae|g__Methanobrevibacter|s__Methanobrevibacter_smithii,Euryarchaeota,Methanobacteria,Methanobacteriales,Methanobacteriaceae,Methanobrevibacter,Methanobrevibacter smithii,0.9900284905660377,2,0
k__Bacteria|p__Bacteroidetes|c__Bacteroidia|o__Bacteroidales|f__Bacteroidaceae|g__Bacteroides|s__Bacteroides_intestinalis,Bacteroidota,Bacteroidia,Bacteroidales,Bacteroidaceae,Bacteroides,Bacteroides intestinalis,0.14080264150943397,11,0
k__Bacteria|p__Firmicutes|c__Firmicutes_unclassified|o__Firmicutes_unclassified|f__Firmicutes_unclassified|g__Firmicutes_unclassified|s__Firmicutes_bacterium_CAG_238,Firmicutes,NA,NA,NA,NA,Firmicutes bacterium CAG:238,0.05316320754716981,12,0
k__Bacteria|p__Bacteroidetes|c__Bacteroidia|o__Bacteroidales|f__Tannerellaceae|g__Parabacteroides|s__Parabacteroides_goldsteinii,Bacteroidota,Bacteroidia,Bacteroidales,Tannerellaceae,Parabacteroides,Parabacteroides goldsteinii,0.029397358490566038,20,0
k__Bacteria|p__Firmicutes|c__Clostridia|o__Clostridiales|f__Clostridiaceae|g__Clostridium|s__Clostridium_sp_CAG_411,Firmicutes,Clostridia,Eubacteriales,Clostridiaceae,Clostridium,Clostridium sp. CAG:411,0.08081132075471698,10,0
k__Bacteria|p__Bacteroidetes|c__Bacteroidia|o__Bacteroidales|f__Bacteroidaceae|g__Bacteroides|s__Bacteroides_xylanisolvens,Bacteroidota,Bacteroidia,Bacteroidales,Bacteroidaceae,Bacteroides,Bacteroides xylanisolvens,0.23477056603773586,2,0
k__Bacteria|p__Firmicutes|c__Clostridia|o__Clostridiales|f__Lachnospiraceae|g__Butyrivibrio|s__Butyrivibrio_sp_CAG_318,Firmicutes,Clostridia,Eubacteriales,Lachnospiraceae,Butyrivibrio,Butyrivibrio sp. CAG:318,0.2623633962264151,1,0
k__Bacteria|p__Firmicutes|c__Clostridia|o__Clostridiales|f__Ruminococcaceae|g__Ruminococcaceae_unclassified|s__Ruminococcaceae_bacterium_D5,Firmicutes,Clostridia,Eubacteriales,Oscillospiraceae,NA,Ruminococcaceae bacterium D5,0.023320188679245284,2,0
k__Bacteria|p__Firmicutes|c__Erysipelotrichia|o__Erysipelotrichales|f__Erysipelotrichaceae|g__Turicibacter|s__Turicibacter_sanguinis,Firmicutes,Erysipelotrichia,Erysipelotrichales,Turicibacteraceae,Turicibacter,Turicibacter sanguinis,0.0573111320754717,9,0
k__Bacteria|p__Actinobacteria|c__Coriobacteriia|o__Coriobacteriales|f__Atopobiaceae|g__Olsenella|s__Olsenella_scatoligenes,Actinobacteria,Coriobacteriia,Coriobacteriales,Atopobiaceae,Tractidigestivibacter,Tractidigestivibacter scatoligenes,0.010822075471698113,3,0
k__Bacteria|p__Bacteroidetes|c__Bacteroidia|o__Bacteroidales|f__Barnesiellaceae|g__Coprobacter|s__Coprobacter_fastidiosus,Bacteroidota,Bacteroidia,Bacteroidales,Barnesiellaceae,Coprobacter,Coprobacter fastidiosus,0.04481339622641509,1,0
k__Bacteria|p__Actinobacteria|c__Actinobacteria|o__Bifidobacteriales|f__Bifidobacteriaceae|g__Bifidobacterium|s__Bifidobacterium_dentium,Actinobacteria,Actinomycetia,Bifidobacteriales,Bifidobacteriaceae,Bifidobacterium,Bifidobacterium dentium,0.04061509433962265,3,0
k__Bacteria|p__Firmicutes|c__Clostridia|o__Clostridiales|f__Lachnospiraceae|g__Blautia|s__Ruminococcus_gnavus,Firmicutes,Clostridia,Eubacteriales,Lachnospiraceae,Mediterraneibacter,[Ruminococcus] gnavus,0.1734766037735849,22,0
k__Bacteria|p__Bacteroidetes|c__Bacteroidia|o__Bacteroidales|f__Prevotellaceae|g__Prevotella|s__Prevotella_copri,Bacteroidota,Bacteroidia,Bacteroidales,Prevotellaceae,Prevotella,Prevotella copri,2.1084775471698114,0,0
k__Bacteria|p__Bacteroidetes|c__Bacteroidia|o__Bacteroidales|f__Prevotellaceae|g__Paraprevotella|s__Paraprevotella_clara,Bacteroidota,Bacteroidia,Bacteroidales,Prevotellaceae,Paraprevotella,Paraprevotella clara,0.007234716981132075,3,0
k__Bacteria|p__Firmicutes|c__Bacilli|o__Lactobacillales|f__Enterococcaceae|g__Enterococcus|s__Enterococcus_faecalis,Firmicutes,Bacilli,Lactobacillales,Enterococcaceae,Enterococcus,Enterococcus faecalis,0.19652698113207548,9,0
k__Bacteria|p__Firmicutes|c__Clostridia|o__Clostridiales|f__Lachnospiraceae|g__Blautia|s__Blautia_sp_CAG_257,Firmicutes,Clostridia,Eubacteriales,Lachnospiraceae,Blautia,Blautia sp. CAG:257,0.1097322641509434,4,0
k__Bacteria|p__Firmicutes|c__Clostridia|o__Clostridiales|f__Lachnospiraceae|g__Dorea|s__Dorea_sp_CAG_317,Firmicutes,Clostridia,Eubacteriales,Lachnospiraceae,Dorea,Dorea sp. CAG:317,0.12599698113207547,6,0
k__Bacteria|p__Firmicutes|c__Negativicutes|o__Acidaminococcales|f__Acidaminococcaceae|g__Phascolarctobacterium|s__Phascolarctobacterium_sp_CAG_266,Firmicutes,Negativicutes,Acidaminococcales,Acidaminococcaceae,Phascolarctobacterium,Phascolarctobacterium sp. CAG:266,0.15895622641509433,0,0
k__Bacteria|p__Firmicutes|c__Clostridia|o__Clostridiales|f__Lachnospiraceae|g__Blautia|s__Blautia_hydrogenotrophica,Firmicutes,Clostridia,Eubacteriales,Lachnospiraceae,Blautia,Blautia hydrogenotrophica,0.021864150943396225,16,0
k__Bacteria|p__Firmicutes|c__Bacilli|o__Lactobacillales|f__Lactobacillaceae|g__Lactobacillus|s__Lactobacillus_plantarum,Firmicutes,Bacilli,Lactobacillales,Lactobacillaceae,Lactiplantibacillus,Lactiplantibacillus plantarum,0.038131132075471696,3,0
k__Bacteria|p__Bacteroidetes|c__Bacteroidia|o__Bacteroidales|f__Bacteroidaceae|g__Bacteroides|s__Bacteroides_sp_CAG_144,Bacteroidota,Bacteroidia,Bacteroidales,Bacteroidaceae,Bacteroides,Bacteroides sp. CAG:144,0.008525283018867924,12,0
k__Bacteria|p__Bacteroidetes|c__Bacteroidia|o__Bacteroidales|f__Bacteroidaceae|g__Bacteroides|s__Bacteroides_clarus,Bacteroidota,Bacteroidia,Bacteroidales,Bacteroidaceae,Bacteroides,Bacteroides clarus,0.013635094339622641,20,0
k__Bacteria|p__Firmicutes|c__Clostridia|o__Clostridiales|f__Lachnospiraceae|g__Lachnoclostridium|s__Clostridium_bolteae,Firmicutes,Clostridia,Eubacteriales,Lachnospiraceae,Enterocloster,Enterocloster bolteae,0.05991641509433963,4,0
k__Bacteria|p__Firmicutes|c__Clostridia|o__Clostridiales|f__Lachnospiraceae|g__Eisenbergiella|s__Eisenbergiella_massiliensis,Firmicutes,Clostridia,Eubacteriales,Lachnospiraceae,Eisenbergiella,Eisenbergiella massiliensis,0.04597735849056604,6,0
k__Bacteria|p__Bacteroidetes|c__Bacteroidia|o__Bacteroidales|f__Bacteroidaceae|g__Bacteroides|s__Bacteroides_finegoldii,Bacteroidota,Bacteroidia,Bacteroidales,Bacteroidaceae,Bacteroides,Bacteroides finegoldii,0.04378943396226415,1,0
k__Bacteria|p__Bacteroidetes|c__Bacteroidia|o__Bacteroidales|f__Bacteroidaceae|g__Bacteroides|s__Bacteroides_massiliensis,Bacteroidota,Bacteroidia,Bacteroidales,Bacteroidaceae,Phocaeicola,Phocaeicola massiliensis,0.06895471698113208,1,0
k__Bacteria|p__Firmicutes|c__Clostridia|o__Clostridiales|f__Lachnospiraceae|g__Eisenbergiella|s__Eisenbergiella_tayi,Firmicutes,Clostridia,Eubacteriales,Lachnospiraceae,Eisenbergiella,Eisenbergiella tayi,0.04365396226415094,2,0
k__Bacteria|p__Firmicutes|c__Erysipelotrichia|o__Erysipelotrichales|f__Erysipelotrichaceae|g__Holdemania|s__Holdemania_filiformis,Firmicutes,Erysipelotrichia,Erysipelotrichales,Erysipelotrichaceae,Holdemania,Holdemania filiformis,0.020931509433962263,5,0
k__Bacteria|p__Firmicutes|c__Negativicutes|o__Acidaminococcales|f__Acidaminococcaceae|g__Phascolarctobacterium|s__Phascolarctobacterium_succinatutens,Firmicutes,Negativicutes,Acidaminococcales,Acidaminococcaceae,Phascolarctobacterium,Phascolarctobacterium succinatutens,0.12590943396226414,3,0
k__Bacteria|p__Firmicutes|c__Clostridia|o__Clostridiales|f__Eubacteriaceae|g__Eubacterium|s__Eubacterium_sp_CAG_180,Firmicutes,Clostridia,Eubacteriales,Eubacteriaceae,Eubacterium,Eubacterium sp. CAG:180,1.5134233962264152,0,0
k__Bacteria|p__Firmicutes|c__Erysipelotrichia|o__Erysipelotrichales|f__Erysipelotrichaceae|g__Faecalitalea|s__Faecalitalea_cylindroides,Firmicutes,Erysipelotrichia,Erysipelotrichales,Erysipelotrichaceae,Faecalitalea,Faecalitalea cylindroides,0.007152830188679245,2,0
k__Bacteria|p__Bacteroidetes|c__Bacteroidia|o__Bacteroidales|f__Bacteroidaceae|g__Bacteroides|s__Bacteroides_sp_CAG_443,Bacteroidota,Bacteroidia,Bacteroidales,Bacteroidaceae,Bacteroides,Bacteroides sp. CAG:443,0.11847471698113207,0,0
k__Bacteria|p__Actinobacteria|c__Actinobacteria|o__Bifidobacteriales|f__Bifidobacteriaceae|g__Bifidobacterium|s__Bifidobacterium_bifidum,Actinobacteria,Actinomycetia,Bifidobacteriales,Bifidobacteriaceae,Bifidobacterium,Bifidobacterium bifidum,0.44021396226415094,0,0
k__Bacteria|p__Actinobacteria|c__Actinobacteria|o__Bifidobacteriales|f__Bifidobacteriaceae|g__Bifidobacterium|s__Bifidobacterium_catenulatum,Actinobacteria,Actinomycetia,Bifidobacteriales,Bifidobacteriaceae,Bifidobacterium,Bifidobacterium catenulatum,0.18109867924528303,0,0
k__Bacteria|p__Firmicutes|c__Clostridia|o__Clostridiales|f__Lachnospiraceae|g__Roseburia|s__Roseburia_sp_CAG_303,Firmicutes,Clostridia,Eubacteriales,Lachnospiraceae,Roseburia,Roseburia sp. CAG:303,0.021833584905660376,1,0
k__Bacteria|p__Firmicutes|c__Clostridia|o__Clostridiales|f__Lachnospiraceae|g__Lachnoclostridium|s__Clostridium_asparagiforme,Firmicutes,Clostridia,Eubacteriales,Lachnospiraceae,Enterocloster,Enterocloster asparagiformis,0.005970377358490566,6,0
k__Bacteria|p__Actinobacteria|c__Actinobacteria|o__Actinomycetales|f__Actinomycetaceae|g__Actinomyces|s__Actinomyces_sp_ICM47,Actinobacteria,Actinomycetia,Actinomycetales,Actinomycetaceae,Actinomyces,Actinomyces sp. ICM47,0.004742452830188679,16,0
k__Bacteria|p__Proteobacteria|c__Gammaproteobacteria|o__Pasteurellales|f__Pasteurellaceae|g__Haemophilus|s__Haemophilus_parainfluenzae,Proteobacteria,Gammaproteobacteria,Pasteurellales,Pasteurellaceae,Haemophilus,Haemophilus parainfluenzae,0.00870490566037736,12,0
k__Bacteria|p__Actinobacteria|c__Actinobacteria|o__Micrococcales|f__Micrococcaceae|g__Rothia|s__Rothia_mucilaginosa,Actinobacteria,Actinomycetia,Micrococcales,Micrococcaceae,Rothia,Rothia mucilaginosa,0.01687924528301887,22,0
k__Bacteria|p__Firmicutes|c__Clostridia|o__Clostridiales|f__Lachnospiraceae|g__Lachnoclostridium|s__Clostridium_citroniae,Firmicutes,Clostridia,Eubacteriales,Lachnospiraceae,Enterocloster,Enterocloster citroniae,0.009015849056603773,22,1
k__Bacteria|p__Firmicutes|c__Erysipelotrichia|o__Erysipelotrichales|f__Erysipelotrichaceae|g__Coprobacillus|s__Coprobacillus_cateniformis,Firmicutes,Erysipelotrichia,Erysipelotrichales,Coprobacillaceae,Coprobacillus,Coprobacillus cateniformis,0.07100698113207547,3,0
k__Bacteria|p__Firmicutes|c__Clostridia|o__Clostridiales|f__Clostridiaceae|g__Hungatella|s__Hungatella_hathewayi,Firmicutes,Clostridia,Eubacteriales,Clostridiaceae,Hungatella,Hungatella hathewayi,0.032928490566037735,2,0
k__Bacteria|p__Firmicutes|c__Negativicutes|o__Veillonellales|f__Veillonellaceae|g__Veillonella|s__Veillonella_dispar,Firmicutes,Negativicutes,Veillonellales,Veillonellaceae,Veillonella,Veillonella dispar,0.010543584905660376,16,0
k__Bacteria|p__Firmicutes|c__Clostridia|o__Clostridiales|f__Eubacteriaceae|g__Eubacteriaceae_unclassified|s__Eubacteriaceae_bacterium_CHKCI005,Firmicutes,Clostridia,Eubacteriales,Eubacteriaceae,NA,Eubacteriaceae bacterium CHKCI005,0.005576226415094339,3,1
k__Bacteria|p__Firmicutes|c__Clostridia|o__Clostridiales|f__Lachnospiraceae|g__Lachnoclostridium|s__Clostridium_lavalense,Firmicutes,Clostridia,Eubacteriales,Lachnospiraceae,Enterocloster,Enterocloster lavalensis,0.00618188679245283,16,0
k__Bacteria|p__Firmicutes|c__Clostridia|o__Clostridiales|f__Lachnospiraceae|g__Lachnoclostridium|s__Clostridium_clostridioforme,Firmicutes,Clostridia,Eubacteriales,Lachnospiraceae,Enterocloster,Enterocloster clostridioformis,0.13036622641509435,4,0
k__Bacteria|p__Firmicutes|c__Clostridia|o__Clostridiales|f__Clostridiales_Family_XIII_Incertae_Sedis|g__Mogibacterium|s__Mogibacterium_diversum,Firmicutes,Clostridia,Eubacteriales,Eubacteriales Family XIII. Incertae Sedis,Mogibacterium,Mogibacterium diversum,0.0018647169811320755,16,1
k__Bacteria|p__Actinobacteria|c__Actinobacteria|o__Actinomycetales|f__Actinomycetaceae|g__Actinomyces|s__Actinomyces_odontolyticus,Actinobacteria,Actinomycetia,Actinomycetales,Actinomycetaceae,Schaalia,Schaalia odontolytica,0.006341509433962264,4,0
k__Bacteria|p__Firmicutes|c__Erysipelotrichia|o__Erysipelotrichales|f__Erysipelotrichaceae|g__Erysipelatoclostridium|s__Erysipelatoclostridium_ramosum,Firmicutes,Erysipelotrichia,Erysipelotrichales,Erysipelotrichaceae,Erysipelatoclostridium,Erysipelatoclostridium ramosum,0.05885584905660377,5,0
k__Bacteria|p__Firmicutes|c__Clostridia|o__Clostridiales|f__Ruminococcaceae|g__Ruminococcus|s__Ruminococcus_sp_CAG_330,Firmicutes,Clostridia,Eubacteriales,Oscillospiraceae,Ruminococcus,Ruminococcus sp. CAG:330,0.09242150943396227,20,0
k__Bacteria|p__Firmicutes|c__Clostridia|o__Clostridiales|f__Ruminococcaceae|g__Ruminococcus|s__Ruminococcus_obeum_CAG_39,Firmicutes,Clostridia,Eubacteriales,Oscillospiraceae,Ruminococcus,Ruminococcus obeum CAG:39,0.06030754716981132,8,0
k__Bacteria|p__Firmicutes|c__Negativicutes|o__Veillonellales|f__Veillonellaceae|g__Veillonella|s__Veillonella_atypica,Firmicutes,Negativicutes,Veillonellales,Veillonellaceae,Veillonella,Veillonella atypica,0.011442075471698112,12,0
k__Bacteria|p__Actinobacteria|c__Actinobacteria|o__Bifidobacteriales|f__Bifidobacteriaceae|g__Aeriscardovia|s__Aeriscardovia_aeriphila,Actinobacteria,Actinomycetia,Bifidobacteriales,Bifidobacteriaceae,Aeriscardovia,Aeriscardovia aeriphila,0.003059056603773585,16,1
k__Bacteria|p__Firmicutes|c__Clostridia|o__Clostridiales|f__Lachnospiraceae|g__Lachnoclostridium|s__Clostridium_symbiosum,Firmicutes,Clostridia,Eubacteriales,Lachnospiraceae,Lachnoclostridium,[Clostridium] symbiosum,0.025477169811320755,6,0
k__Bacteria|p__Bacteroidetes|c__Bacteroidia|o__Bacteroidales|f__Odoribacteraceae|g__Butyricimonas|s__Butyricimonas_synergistica,Bacteroidota,Bacteroidia,Bacteroidales,Odoribacteraceae,Butyricimonas,Butyricimonas synergistica,0.002356981132075472,16,0
k__Bacteria|p__Bacteroidetes|c__Bacteroidia|o__Bacteroidales|f__Tannerellaceae|g__Parabacteroides|s__Parabacteroides_johnsonii,Bacteroidota,Bacteroidia,Bacteroidales,Tannerellaceae,Parabacteroides,Parabacteroides johnsonii,0.009887924528301888,20,0
k__Bacteria|p__Actinobacteria|c__Actinobacteria|o__Actinomycetales|f__Actinomycetaceae|g__Actinomyces|s__Actinomyces_sp_HPA0247,Actinobacteria,Actinomycetia,Actinomycetales,Actinomycetaceae,Actinomyces,Actinomyces sp. HPA0247,0.0072341509433962265,3,0
k__Bacteria|p__Firmicutes|c__Clostridia|o__Clostridiales|f__Clostridiaceae|g__Clostridium|s__Clostridium_bolteae_CAG_59,Firmicutes,Clostridia,Eubacteriales,Clostridiaceae,Clostridium,Clostridium bolteae CAG:59,0.006106981132075471,4,0
k__Bacteria|p__Firmicutes|c__Clostridia|o__Clostridiales|f__Clostridiaceae|g__Clostridium|s__Clostridium_sp_CAG_253,Firmicutes,Clostridia,Eubacteriales,Clostridiaceae,Clostridium,Clostridium sp. CAG:253,0.03008433962264151,10,0
k__Bacteria|p__Firmicutes|c__Clostridia|o__Clostridiales|f__Christensenellaceae|g__Christensenella|s__Christensenella_minuta,Firmicutes,Clostridia,Eubacteriales,Christensenellaceae,Christensenella,Christensenella minuta,0.004511320754716981,16,0
k__Bacteria|p__Firmicutes|c__Clostridia|o__Clostridiales|f__Clostridiales_unclassified|g__Clostridiales_unclassified|s__Bacteroides_pectinophilus,Firmicutes,Clostridia,Eubacteriales,NA,NA,[Bacteroides] pectinophilus,0.12559320754716982,1,0
k__Bacteria|p__Firmicutes|c__Bacilli|o__Lactobacillales|f__Streptococcaceae|g__Streptococcus|s__Streptococcus_mutans,Firmicutes,Bacilli,Lactobacillales,Streptococcaceae,Streptococcus,Streptococcus mutans,0.060953962264150945,4,0
k__Bacteria|p__Actinobacteria|c__Actinobacteria|o__Actinomycetales|f__Actinomycetaceae|g__Actinomyces|s__Actinomyces_oris,Actinobacteria,Actinomycetia,Actinomycetales,Actinomycetaceae,Actinomyces,Actinomyces oris,0.0028392452830188677,4,1
k__Bacteria|p__Firmicutes|c__Clostridia|o__Clostridiales|f__Ruminococcaceae|g__Ruminococcus|s__Ruminococcus_sp_CAG_403,Firmicutes,Clostridia,Eubacteriales,Oscillospiraceae,Ruminococcus,Ruminococcus sp. CAG:403,0.12357867924528301,7,0
k__Bacteria|p__Firmicutes|c__Clostridia|o__Clostridiales|f__Lachnospiraceae|g__Blautia|s__Blautia_coccoides,Firmicutes,Clostridia,Eubacteriales,Lachnospiraceae,Blautia,Blautia coccoides,0.0076235849056603775,2,1
k__Bacteria|p__Firmicutes|c__Bacilli|o__Lactobacillales|f__Streptococcaceae|g__Streptococcus|s__Streptococcus_anginosus_group,Firmicutes,Bacilli,Lactobacillales,Streptococcaceae,Streptococcus,NA,0.008686415094339622,4,0
k__Bacteria|p__Actinobacteria|c__Actinobacteria|o__Micrococcales|f__Micrococcaceae|g__Rothia|s__Rothia_dentocariosa,Actinobacteria,Actinomycetia,Micrococcales,Micrococcaceae,Rothia,Rothia dentocariosa,0.0029528301886792454,4,1
k__Bacteria|p__Firmicutes|c__Bacilli|o__Lactobacillales|f__Lactobacillaceae|g__Lactobacillus|s__Lactobacillus_paragasseri,Firmicutes,Bacilli,Lactobacillales,Lactobacillaceae,Lactobacillus,Lactobacillus paragasseri,0.01614566037735849,22,0
k__Bacteria|p__Firmicutes|c__Firmicutes_unclassified|o__Firmicutes_unclassified|f__Firmicutes_unclassified|g__Firmicutes_unclassified|s__Firmicutes_bacterium_CAG_424,Firmicutes,NA,NA,NA,NA,Firmicutes bacterium CAG:424,0.0655177358490566,4,0
